{"stats":{"minecraft:used":{"minecraft:snow_block":1,"minecraft:red_sand":8,"minecraft:powered_rail":20,"minecraft:spruce_slab":5,"minecraft:redstone":312,"minecraft:stone":164,"minecraft:cut_sandstone":59,"minecraft:red_mushroom_block":6,"minecraft:iron_sword":10,"minecraft:redstone_block":106,"minecraft:dried_kelp_block":1,"minecraft:rail":10,"minecraft:sand":682,"minecraft:torch":6,"minecraft:dragon_egg":143,"minecraft:soul_sand":9,"minecraft:diamond_block":39,"minecraft:dirt":23,"minecraft:anvil":5,"minecraft:birch_sign":1,"minecraft:acacia_button":2,"minecraft:dark_oak_door":6,"minecraft:sticky_piston":33,"minecraft:piston":32,"minecraft:glass":12,"minecraft:redstone_torch":90,"minecraft:lever":15,"minecraft:lava_bucket":43,"minecraft:bookshelf":1,"minecraft:command_block":2,"minecraft:slime_block":10,"minecraft:spruce_button":2,"minecraft:stone_button":3,"minecraft:lectern":1,"minecraft:dark_oak_button":4,"minecraft:bedrock":22,"minecraft:dolphin_spawn_egg":1,"minecraft:diamond_sword":39,"minecraft:repeater":71,"minecraft:redstone_lamp":26,"minecraft:honeycomb_block":1,"minecraft:emerald_block":242,"minecraft:scaffolding":2,"minecraft:red_concrete_powder":2,"minecraft:lime_stained_glass":1,"minecraft:minecart":4,"minecraft:end_portal_frame":1},"minecraft:custom":{"minecraft:interact_with_anvil":1,"minecraft:mob_kills":6,"minecraft:play_one_minute":831994,"minecraft:leave_game":7,"minecraft:time_since_death":78136,"minecraft:time_since_rest":78166,"minecraft:sprint_one_cm":17712,"minecraft:damage_taken":280,"minecraft:walk_one_cm":1209611,"minecraft:drop":68,"minecraft:damage_dealt":1469,"minecraft:minecart_one_cm":3510,"minecraft:fly_one_cm":840491,"minecraft:crouch_one_cm":5528,"minecraft:deaths":1,"minecraft:sneak_time":6605,"minecraft:jump":2572},"minecraft:picked_up":{"minecraft:dolphin_spawn_egg":1,"minecraft:dark_oak_button":2,"minecraft:leather":5,"minecraft:anvil":1,"minecraft:redstone_lamp":1,"minecraft:lead":4,"minecraft:cut_sandstone":1,"minecraft:red_mushroom_block":1,"minecraft:bedrock":2,"minecraft:acacia_button":3,"minecraft:dirt":1,"minecraft:sticky_piston":1,"minecraft:glass":1,"minecraft:red_sand":4,"minecraft:comparator":1,"minecraft:redstone_torch":91,"minecraft:lectern":1,"minecraft:minecart":3,"minecraft:powered_rail":4,"minecraft:iron_sword":1,"minecraft:soul_sand":1,"minecraft:piston":8,"minecraft:dark_oak_door":1,"minecraft:scaffolding":1,"minecraft:stone":1,"minecraft:emerald_block":1,"minecraft:red_concrete_powder":1,"minecraft:torch":8,"minecraft:lava_bucket":2,"minecraft:snow_block":1,"minecraft:sand":428,"minecraft:honeycomb_block":1,"minecraft:stone_button":3,"minecraft:redstone":30,"minecraft:dragon_egg":270,"minecraft:slime_block":1,"minecraft:lever":3,"minecraft:bookshelf":1,"minecraft:spruce_button":3,"minecraft:chorus_flower":1},"minecraft:killed":{"minecraft:wandering_trader":2,"minecraft:trader_llama":4},"minecraft:dropped":{"minecraft:snow_block":1,"minecraft:dark_oak_door":1,"minecraft:iron_sword":1,"minecraft:anvil":1,"minecraft:soul_sand":1,"minecraft:piston":6,"minecraft:emerald_block":3,"minecraft:red_concrete_powder":1,"minecraft:lever":7,"minecraft:chorus_flower":1,"minecraft:minecart":3,"minecraft:bookshelf":1,"minecraft:sticky_piston":2,"minecraft:comparator":1,"minecraft:slime_block":1,"minecraft:dark_oak_button":2,"minecraft:spruce_button":2,"minecraft:dolphin_spawn_egg":1,"minecraft:bedrock":3,"minecraft:rail":1,"minecraft:acacia_button":2,"minecraft:lava_bucket":2,"minecraft:diamond_sword":1,"minecraft:dirt":1,"minecraft:red_mushroom_block":1,"minecraft:redstone_lamp":2,"minecraft:stone":1,"minecraft:torch":7,"minecraft:dragon_egg":51,"minecraft:cut_sandstone":1,"minecraft:redstone_torch":137,"minecraft:sand":192,"minecraft:red_sand":3,"minecraft:powered_rail":4,"minecraft:glass":1,"minecraft:scaffolding":2,"minecraft:lectern":1,"minecraft:redstone":1,"minecraft:honeycomb_block":1}},"DataVersion":2230}